system:index,20120401,20120501,20120601,20120701,20120801,20120901,20121001,20121101,20121201,20130101,20130201,20130301,20130401,20130501,20130601,20130701,20130801,20130901,20131001,20131101,20131201,20140101,20140201,20140301,20140401,20140501,20140601,20140701,20140801,20140901,20141001,20141101,20141201,20150101,20150201,20150301,20150401,20150501,20150601,20150701,20150801,20150901,20151001,20151101,20151201,20160101,20160201,20160301,20160401,20160501,20160601,20160701,20160801,20160901,20161001,20161101,20161201,20170101,20170201,20170301,20170401,20170501,20170601,20170701,20170801,20170901,20171001,20171101,20171201,20180101,20180201,20180301,20180401,20180501,20180801,20180901,20181001,20181101,GID_0,GID_1,NAME_0,NAME_1,VARNAME_1,.geo
0000708fc4d0657fb6bb,278.4861068,239.4225435,255.0517609,650.8689204,593.0663059,728.9078654,243.4939488,299.4696011,129.9687533,132.9598062,109.4796557,97.37305881,165.6343037,167.5295534,160.0079317,98.3376708,245.568136,731.1120248,265.6078157,181.9335054,171.4069388,22.04978656,48.89973525,112.2558838,107.3718062,105.4414931,130.2906833,129.9427386,1353.832425,847.7490236,498.0772542,145.2266968,78.81754958,19.6408481,95.26096133,118.2170076,108.3482318,102.8012826,103.2358574,119.5812634,149.4613954,963.7784535,727.8959314,243.547205,105.7596451,96.54206839,100.3710551,101.8871687,94.77393988,95.14317838,84.16749752,327.9676448,542.4776999,1126.371925,822.0273966,40.85787725,11.44825304,61.52608655,97.89059093,66.52342287,95.35581955,98.7603506,74.411599,104.4330692,596.0768523,395.9336355,483.0852142,10.87999988,2.620000005,71.8599993,62.85901962,100.0125878,113.392823,124.5766271,477.1248227,788.5559587,279.1658429,153.508588,MWI,MWI.21_1,Malawi,Nsanje,Port Herald,
000033669f828a7bf9c7,457.6677807,513.6479861,420.7134312,729.2000455,947.4974513,2558.634188,1531.543946,372.2120271,213.7422794,261.2447455,170.9527909,181.8915359,261.1493099,275.8867468,659.135465,144.6019507,472.4852439,1736.760532,262.6875623,292.605225,216.7799879,20.98476905,168.8507021,269.5634927,236.1236116,195.836106,246.1904756,239.9178113,528.6458504,830.097825,1070.200915,465.9747454,187.1734526,82.01033374,335.9979784,302.92868,291.1008907,302.2766646,323.5018438,428.7721912,1665.716545,907.1515641,2775.633115,406.1697452,104.6864689,160.1058603,205.8285925,156.5752434,154.4898249,127.3192861,163.2796404,96.37917849,144.9879742,536.8224001,1620.825765,186.1595442,62.1419539,136.8646139,109.8239359,117.8962504,134.8435405,163.2837252,89.49696335,223.2645328,284.7804752,779.3416294,1140.733923,127.6318823,201.1969807,94.27972534,180.0543136,233.6556864,192.6783143,148.7447057,310.0648231,487.180705,365.3001564,397.2431342,MWI,MWI.15_1,Malawi,Mulanje,Mlange|Mlanje,
0000551ee550eb66d14d,690.1628519,702.3874378,613.7110475,688.4467188,767.2526351,2130.806455,813.4132109,467.378155,448.1212423,221.5564839,525.7138171,256.7394807,475.9150933,445.9901401,518.2052307,319.7736845,566.9563903,2832.872255,466.4667657,521.6742857,230.1116049,255.6177683,132.2735701,276.8645445,288.333534,246.7007355,250.7868615,316.8519098,372.9104697,1776.61619,497.7864535,362.3417213,43.16822648,95.6378052,392.8648398,303.2843134,161.5067168,298.5764524,268.7817247,281.9737576,240.5497177,1309.45414,509.5426032,558.0391911,236.9569072,180.4640626,262.872184,271.0814284,183.2670198,168.4931035,216.8224814,102.9905413,195.0705421,1420.581086,700.093432,164.3942129,71.75746988,137.1268474,249.668383,100.4004748,208.6906672,196.8969063,91.44849453,198.0150138,1013.543385,609.1450782,1209.880354,56.8499999,53.92298089,93.55631352,160.4583537,186.4742739,206.6653724,152.0217638,471.6419998,842.1512127,376.1053324,214.9489399,MWI,MWI.27_1,Malawi,Thyolo,Cholo,
0000b41f9419d57d9f6d,742.6989408,730.3747835,660.8552789,2718.319394,1802.730039,7183.663614,898.8692226,719.2723651,662.8430198,490.2060691,422.4996195,428.966382,605.9834325,805.7076164,685.2304703,394.2090948,1259.693721,5375.616422,789.7077559,946.8203212,679.5971732,166.0776412,361.3074312,606.0343541,763.3474442,658.360914,896.2979646,998.880009,6168.697953,9104.095082,1400.70663,599.5040565,0,412.3496198,956.3185449,570.8597187,668.6582097,586.5892009,463.3599415,496.6116246,678.8113516,1353.753674,3737.036447,962.9768205,490.8269627,392.7295077,383.3942337,368.8872557,361.3722335,358.6307233,394.469964,365.4706822,476.4512034,8053.249574,6483.499988,391.7636823,186.5421507,267.9119162,475.272979,335.3392996,335.3184079,382.9228326,296.19991,420.126514,1852.189348,1749.563368,1450.76902,285.6800003,272.3899993,371.17,581.87,376.613411,441.0000013,418.1296838,1241.798981,2159.563803,2270.876553,508.4363131,MWI,MWI.3_1,Malawi,Chikwawa,,
0000bbe189cb53053747,9574.040997,8184.611885,7707.503327,8523.584678,8009.94627,8797.057123,8037.374042,7942.619839,9602.440914,7228.25431,9863.42064,6160.752864,9508.895641,9945.671204,10428.6956,7599.154344,10226.45616,11151.19616,8287.562619,9285.516757,7945.738228,9567.007735,5011.459214,8156.598958,8494.549925,7975.908842,8773.156059,9016.074499,8833.838417,8996.661624,8478.220742,8263.201964,390.7171601,6017.450628,12413.0302,8140.429932,6502.135562,9798.122464,8430.196599,8884.24644,8677.234774,8380.742342,8191.242998,9052.160398,7436.223318,7167.1674,8295.338173,7966.474164,7239.129,7421.626255,7581.658426,6773.55273,7700.246557,8326.990423,6273.854551,6310.350204,4893.108338,6714.03913,5341.273583,5489.996571,6525.231914,6483.233131,5888.614589,6751.405392,7565.244489,7077.108432,7428.685296,3901.003178,5285.287567,5404.5942,6018.760156,6979.281053,6746.549844,6296.934975,7922.219332,8013.557057,7134.205384,6480.326752,MWI,MWI.2_1,Malawi,Blantyre,,
00009caa2b2dd294a9fb,115.2457987,92.84787574,53.60659671,57.37862626,898.6363179,76.87503006,91.21560695,32.00736317,32.51034875,49.74198838,109.9174999,43.25937527,99.44938561,71.32109621,87.85707357,77.41484524,290.4940631,188.6307451,63.70657058,80.74415644,58.30449393,72.40098063,13.85387961,68.01047105,89.05260927,67.94523025,56.36887745,72.16532552,285.8399975,118.4532975,110.4735104,55.44651651,12.32163878,12.75921338,216.3360178,111.1716815,38.27166783,122.1277077,119.8352004,124.3190048,105.0916443,74.15834393,84.70215607,94.42666873,94.6614067,59.26503945,77.27186245,90.85800807,34.02420805,49.96016963,53.06262956,42.60919505,73.78666071,99.70731224,48.95008587,39.09979281,12.01064632,71.38664811,42.10601479,12.95175419,80.86771994,69.56592506,46.11246517,71.18121239,177.734954,156.2736289,170.7032936,8.51188235,30.1843135,29.92231376,85.36709781,91.42274475,102.7442357,57.12694094,215.7012551,117.8021173,132.8820394,103.8747062,MWI,MWI.4_1,Malawi,Chiradzulu,,
0000cce9b5f9f8acda73,1295.493735,1364.446948,1384.35308,2081.029814,1543.40577,1299.082036,1532.749485,887.4071195,251.712011,1914.226535,336.8280064,487.352819,985.550973,1000.790367,771.0584279,739.3733338,1343.291877,1357.268859,888.214603,1667.30726,645.980544,63.13534451,461.0430644,764.0655053,885.6031989,803.7470765,823.5653951,846.375573,834.2541892,1559.861769,1090.189912,784.9265709,231.7990518,380.333652,854.3072272,701.0141536,748.5561645,989.6849126,967.7978308,953.9207043,1332.102074,969.4480959,1404.920093,941.9660082,869.440265,557.8896026,802.9960286,676.521155,655.6395191,711.8037064,695.6055697,1259.114513,1036.302469,1172.977277,732.7911589,759.1019893,384.9458597,674.9110608,465.4531188,495.466513,742.5829122,678.2642822,441.8335617,603.3089844,1239.277828,1065.91164,2100.641683,352.8032939,121.1208239,539.9540782,848.8763133,775.4380773,766.2878063,697.6447067,1260.297134,2022.750201,752.5707087,1299.033758,MWI,MWI.28_1,Malawi,Zomba,,
00005f0f66be80370258,102.926513,84.04749549,81.3101746,445.7609817,460.5423742,1628.064013,562.2648787,253.7106423,84.90909436,132.3859479,72.79669619,117.0863331,187.4615244,200.0908074,233.8851382,182.2779187,617.0073955,1128.006563,823.1126377,1039.90007,334.9909614,216.7949276,107.5979813,471.6605449,547.9645721,503.3911733,567.46501,532.1251891,511.8989988,1076.308266,1382.405317,489.3616868,0,354.0930368,551.6286218,424.1479242,450.6702599,487.5675557,380.5103059,476.0037908,469.5129252,936.2262389,885.3930338,819.0880479,389.851385,498.5378087,512.5715207,342.0399679,305.5173575,551.2632398,351.1211235,485.2844726,484.6942143,1148.805752,1127.877384,497.5638101,345.3783043,554.6034507,303.6910298,287.0284821,439.9978474,337.856325,235.5682868,416.6822058,463.1145446,790.0845986,1791.230944,321.3850578,252.7998071,276.749295,305.5969345,352.9830186,236.1715294,382.6694897,900.8963908,900.6564666,475.5530215,362.9593331,MWI,MWI.18_1,Malawi,Neno,,
00002f66a6f708ac6aaf,245.0079957,225.3364582,206.5684947,214.1359632,212.9472188,877.7892877,384.7212314,217.5978588,194.9539778,235.1330935,247.7430593,171.1702583,256.6046412,253.2352985,265.9936479,171.8485487,264.9926595,1085.823155,265.1718976,278.6348542,205.8376518,261.4230053,88.70953028,204.8416205,211.3755821,196.9870651,193.2366669,132.4477469,129.0077998,745.1307603,218.6646572,111.5009042,0,82.43700767,143.4269428,110.4327952,86.40025387,114.0931067,96.24426246,106.5238658,90.24514181,263.2990987,233.8112017,141.7034209,82.48721635,80.53109443,107.2724355,103.1982355,62.02798009,66.52404153,75.8218596,63.99257517,100.6943793,1383.681876,497.0941106,80.76125443,61.98069704,76.84014273,83.84869242,52.02509737,96.98833048,96.69981778,68.05295193,90.48064375,159.8860526,281.4970929,695.7683537,20.83999968,50.55000007,59.92000031,149.0647059,103.65,80.72999978,103.2200004,401.0919608,276.3026661,168.4172942,103.8300003,MWI,MWI.16_1,Malawi,Mwanza,,
000042c91e3399765cc0,514.1654316,470.2351004,425.9297354,519.3874114,456.6164708,349.0897893,307.1784677,281.5000684,235.287863,147.8463053,101.9264674,192.6895763,293.3577616,423.190787,424.2626977,279.6124766,431.033803,415.1704477,332.2733032,387.7409308,190.2775764,74.40091789,208.9011493,318.7772741,328.5450738,294.5251399,327.2895743,397.1704173,430.0161919,393.7371425,355.2753757,347.299861,22.28156221,98.53366268,379.6939881,289.7734939,314.4900912,389.0433834,303.0577515,387.0718686,390.7049706,312.3872776,450.7244782,387.1023436,235.7604911,273.2381502,346.5560248,266.9382591,297.635636,340.3598494,393.8922047,426.0023275,354.7645709,434.3973674,242.1981143,160.0293767,146.6976238,164.6653753,35.61609237,270.4646627,339.1460349,308.1685097,243.2161929,325.1864155,450.4781741,478.1406643,518.873255,107.6964705,8.129999876,236.8332569,283.0232932,323.1443922,253.0382352,304.559687,485.3884292,539.3407849,467.795059,363.1597256,MWI,MWI.1_1,Malawi,Balaka,,
0000e420fcf656a56f60,365.722836,313.7577332,396.6647411,579.3537749,390.0774994,498.0891255,657.7776039,181.9063985,122.0145512,100.3606198,182.9204987,106.5100549,196.0871068,239.922856,229.942578,155.1591525,262.149199,647.8256326,265.3972367,258.1309776,164.4494036,48.69192856,107.7192913,172.0527246,188.1995902,173.6714274,224.393734,309.8640893,395.594312,385.0220252,320.3534651,156.0450212,3.15551538,79.37889421,148.8928729,191.1037428,174.8482037,219.1314221,174.569167,211.7341824,225.1785405,211.0066769,292.1073313,223.7631589,117.0157637,139.7211745,191.0839817,163.8257318,161.0635548,169.6698368,233.3485267,131.1802673,195.0967837,488.9399641,288.9069552,78.53068052,81.80623263,149.8985765,25.20809669,131.2959256,231.9017422,179.6300064,170.7197643,209.5712422,285.6546941,619.6473808,833.9557643,56.75603916,50.74709812,152.1632149,269.5420394,248.9249409,186.8429021,247.4871382,591.8658421,535.7406259,227.6999605,189.8267448,MWI,MWI.22_1,Malawi,Ntcheu,Ncheu,
0000d11d61a952879bd1,450.2553379,1483.836351,470.8830045,822.2257193,1512.945452,1749.89905,801.9098921,433.7644026,72.30145656,136.2855646,73.43271067,183.4289625,306.7659195,333.7360164,411.8451929,341.842229,1495.699646,1362.086835,914.7745572,382.0230377,203.9911986,24.48029995,145.6442653,283.6074732,293.1830884,296.025173,550.2323813,572.205246,621.9298678,2931.20903,536.7525117,324.9193765,90.08654823,169.1990362,333.4686068,250.1696133,233.1276909,344.9582201,1626.470504,396.2728604,1508.17715,710.3455432,548.8804268,542.8705975,195.6266673,242.6262658,321.2838824,308.6428206,245.1500026,719.7993003,438.2977812,1323.776316,909.1503717,1677.292723,787.5863294,204.8781458,143.4086273,296.9763772,118.9733037,252.6895619,293.8858641,273.4859578,255.5760812,441.4794371,1066.006807,1706.002827,1271.075328,830.9493256,29.29000032,191.8800393,275.2940025,247.061098,145.8140394,298.3662351,2806.485458,1390.383837,418.2051358,290.0800389,MWI,MWI.12_1,Malawi,Machinga,Kasupe|Kasupi|Liwonde,
0000ecd3aa6eca2a5da3,119.9489405,107.1997575,96.04725192,277.1108194,176.6653285,326.9072131,135.8258189,47.53288579,6.591438413,41.67271757,48.85549513,39.53682172,67.49753153,69.47895789,74.88689996,39.64032841,107.8177644,212.2272146,62.41084397,57.01792061,41.45870047,0,2.295912266,33.05727172,54.38671982,47.89458013,61.50929856,89.2092928,84.54007339,60.13167722,76.5368112,46.55041075,46.88875914,9.447126627,97.88944853,33.15073764,49.68802428,54.49001161,55.7002123,59.10811579,55.70877884,53.1224759,78.33256159,66.70908877,41.10004794,29.75097111,32.35507186,52.41674026,75.33968631,40.29495001,45.98318925,61.86721063,183.855969,45.82434512,16.05704493,9.507213593,12.3151145,18.99248266,10.47159696,42.34408557,47.26446863,48.20436636,23.24731946,86.85147766,113.4485642,98.25600982,67.34627427,8.459999919,19.3599999,21.23000014,23.75341148,42.0007448,43.91000044,23.0903526,192.183334,28.73745101,31.68627455,42.84000003,MWI,MWI.24_1,Malawi,Phalombe,,
00004146ef2ba1a6e845,1172.937253,1290.779742,2298.461851,3045.608507,2059.38258,1933.608043,2005.696866,599.7531457,392.6298139,171.3000578,715.7770166,445.087991,746.0778947,851.998447,1062.928352,1001.599425,2573.302111,3035.791709,1073.66266,1071.427039,602.6273829,33.75191259,204.2163682,763.4033527,720.4521091,655.9101392,638.4173391,2090.720692,1615.144544,2036.874749,934.9253441,704.8823671,16.31479881,429.4335651,1036.404707,755.8874424,733.1571013,839.2041571,776.9674131,1286.322971,1990.56898,1479.525503,1968.811825,839.4670998,464.4038378,575.1960561,798.1934319,570.2988687,386.9723809,730.4596742,927.0524808,1854.45855,1812.576504,1288.505963,866.9767207,455.2617223,294.7372772,411.7774813,291.9329524,638.8251414,793.9060838,741.8004843,794.04768,1175.958888,1557.544598,3084.252145,1581.445094,719.7056078,349.7600015,599.1500002,310.4799985,892.4585877,667.5175692,840.7581216,3047.015917,2034.823448,1071.73996,781.6382367,MWI,MWI.13_1,Malawi,Mangochi,Mangoche|Fort Johnston,
000098bed71063ea15b8,405.1241153,452.4617093,456.7519332,645.0587291,432.6991931,735.0730689,748.5163519,260.1504211,175.8513734,75.09002581,144.8730901,198.6491895,226.859635,275.1985528,312.8423292,303.8506282,321.3068624,700.2791334,499.1093512,240.4802577,191.8021053,147.689799,155.3694574,269.8987122,268.5719654,231.6915954,305.779753,351.4796747,348.1543772,758.7656264,304.2868006,244.495814,0,125.9711838,273.4320994,293.2924355,230.4083703,327.5440148,236.2054566,263.8254071,494.3068318,621.3113995,596.9073309,276.5911016,176.7342039,249.7331554,279.981466,243.2451056,189.3664362,240.4868075,264.2538317,229.1554669,844.1502431,679.6404254,165.1849816,136.5331569,94.35015947,224.5831684,10.45208418,174.3484445,259.7834825,215.4968608,244.7068788,252.6439605,337.431936,615.0881909,588.7399987,300.1209003,42.31948974,190.7973319,358.2268241,318.1887845,189.6722748,258.6888627,627.18392,403.5750194,373.0492559,313.4988625,MWI,MWI.6_1,Malawi,Dedza,,
0000ef7f1453cbef9d16,419.525419,424.4341037,438.4891219,511.2464032,362.7493573,431.1089185,305.6367871,202.9775853,128.3316963,109.0676067,159.5813793,212.0962018,274.3469342,483.2455143,410.1895162,288.4151787,246.1946915,222.0402118,298.7472484,283.6801232,139.3640645,0,97.46218336,307.8584231,297.9543059,310.3117282,263.6380223,349.2914076,326.0723861,282.7624028,270.3181272,353.3069042,58.7712779,256.3424442,320.5618409,433.3281839,311.2875477,440.6618447,347.3295989,471.9454975,363.1678129,266.5324485,274.8821081,357.9494622,204.7944337,385.1381397,343.1821891,290.3381654,237.3090966,282.416028,414.3677955,456.4393967,670.0845224,250.6027756,127.3053092,104.0270559,147.6043843,369.0697224,459.9913328,281.9467422,319.652986,354.0907059,355.8291509,509.2824643,337.6853205,261.2426079,250.3186271,221.9976469,316.1999969,250.5399988,521.8300002,333.5099993,348.6699998,320.1089407,274.6534903,308.689412,307.5277645,299.100001,MWI,MWI.26_1,Malawi,Salima,,
00001104aa1febc71333,588.1445199,317.4482765,344.7825816,422.7112613,874.7336494,549.844626,2544.435838,294.8524087,88.11701393,175.030329,182.2924193,328.4723109,255.0074147,281.410939,330.7085538,316.2196282,398.12263,1534.950547,795.8022846,783.346257,171.6525226,0,254.2809079,228.8877789,258.8012059,226.615756,230.2461524,305.0333612,418.0774622,1157.497062,740.4944431,428.6222736,322.4578679,89.41298258,201.0108674,254.4589347,200.4531534,248.8666519,269.6768745,264.4130909,250.0924013,1057.171329,1877.017661,495.1554046,295.1847038,300.733519,324.4272541,205.4985359,201.6910659,253.7634478,250.3537236,596.8197588,986.3393928,997.0650206,1483.876435,507.8268802,202.320727,368.3040283,136.513418,176.0189164,215.5549244,251.5555497,252.1326956,274.4543967,414.4092004,864.242165,1932.047771,485.9799986,196.9899993,304.9600018,355.540002,503.8099992,305.8100004,286.7599992,534.4288612,569.8837623,931.7649813,2207.206631,MWI,MWI.20_1,Malawi,Nkhotakota,Kota Kota,
0000f38c27f2781dd849,0,0,0,0,0,0,0,0,0,0,0,0,0,0,0,0,8.08414141,0,0,0,0,0,0,0,0,0,0,0,2.147128463,0,0,0,0,0,1.010555863,2.481603206,0,0,0,0,0,0,0,0,0,0,0,0,0,0,0,0,0,0,0,0,0,0,0,0,0,0,0,0,0,0,0,0,0,0,0,0,0,0,0,0,0,0,MWI,MWI.10_1,Malawi,Likoma,,
00008d98321fac7d6dcf,123.0073174,117.7846016,179.8184055,541.6676984,1361.562304,2314.435652,34829.4594,523.0902287,42.48543835,25.71211302,19.42159475,32.39299262,63.76299274,59.18949997,81.59675252,48.44129245,366.3117931,8620.34531,2289.248782,2543.794037,52.34581961,39.93974566,94.18839575,15.5754149,39.9491334,33.70555103,35.35367095,43.85383451,147.02078,2021.836343,2115.568259,2264.259019,189.8165911,33.13986097,8.310805678,101.4201992,55.36065054,61.71874428,64.91696453,79.74429917,638.1715886,7778.331048,13849.42044,907.998461,80.47686753,90.57383251,84.81908173,67.30273938,55.88170755,54.74906635,68.19746768,320.8628289,299.2793763,1040.353531,4073.87811,2179.793412,135.0518826,228.0517132,4.050502777,112.755465,58.71971357,98.55250511,56.66083768,76.1658498,155.8127438,521.2244665,2963.256113,1353.868107,127.0900003,36.47000003,99.19839224,129.4179999,89.02999997,107.1700002,317.8257645,360.0353321,982.2815296,814.9557259,MWI,MWI.19_1,Malawi,Nkhata Bay,Chinteche,
0000758fb1e2f48996b8,136.1954224,204.4503517,414.4850668,2226.519284,2292.043745,2371.142703,6731.255677,561.428441,90.6312484,74.29508294,93.20708413,67.47871386,60.52581225,82.67541486,255.1440463,643.7171315,1775.233961,2893.437666,864.2012318,1966.872527,129.4322511,55.5981874,66.69017629,56.59842049,62.53066814,68.05095267,162.7565907,490.6941709,626.1574315,2118.116906,1040.902442,485.096915,185.2433415,4.547135353,72.48255604,101.0786574,68.38614245,83.69447222,1164.96255,1532.870651,2206.659746,4190.047305,2609.617423,1163.981016,115.2676267,24.84512877,76.2193007,55.77334131,29.82884233,64.47541284,102.3585457,2739.352953,2521.105137,3134.11618,887.0552949,1435.383364,50.18094879,42.00743551,0,64.17517821,56.19065369,57.09774318,193.3202765,789.8608314,1606.429364,4141.090765,3667.955985,510.5572155,84.89545088,0,83.15380451,136.1358442,71.18807873,114.9291371,3854.191952,869.809413,842.7367481,1248.797173,MWI,MWI.25_1,Malawi,Rumphi,Rumpi,
0000e37fd7379e45beaa,563.0004945,447.6685025,495.0441753,543.2961938,1156.777804,3714.5558,2270.135491,639.5466341,566.1099304,264.4831048,187.1781778,202.5541302,204.4930018,413.1317428,445.870191,408.2972872,539.8442445,929.8628677,1850.088584,762.4066533,379.6844505,52.69809129,277.6223862,406.0083525,185.7406177,279.1212771,360.7704625,321.1841555,401.50863,943.8869013,550.1250858,1101.164924,333.1988107,159.0093126,216.0440276,321.8968815,230.287927,331.7017791,326.7326804,634.3125296,683.8802533,1267.724638,2724.112502,1013.229576,346.4752441,31.0299319,353.3685709,774.4528414,229.9407285,277.9819847,278.0899587,416.1933725,425.7841281,500.1649579,942.4667527,539.5002946,214.4606062,112.8381077,128.7881562,256.4568135,237.193573,231.37327,267.3012036,544.3799855,467.9281371,669.4245104,1516.667333,692.8544316,320.7007435,365.6800008,430.2967045,334.275685,293.6100007,281.7459206,516.6425105,843.2971393,457.1878829,607.1209408,MWI,MWI.8_1,Malawi,Karonga,,
0000c76939d70f911562,119.2630295,122.1431626,184.007832,915.0281914,2359.712628,778.9151165,1786.124383,120.0562601,45.83192301,18.51672471,9.466828704,20.56807494,28.12325382,34.45834184,421.8321139,157.2789559,521.9232784,1804.711559,506.0394086,290.1478127,26.338992,0,0,22.80612254,21.20287812,35.53419542,113.8611309,25.91429794,251.8382378,326.051804,110.3407803,17.85036337,41.82056618,10.06422639,20.79591238,49.99658227,19.2979759,38.76631868,309.6944166,1426.362213,1481.867631,1368.397955,833.020721,106.6055358,22.14009678,0,24.89211106,29.98310244,20.31980085,25.53214049,29.62901568,1867.651158,2491.351062,282.4827411,726.2939163,293.7017571,11.60157132,47.80762231,20.7572403,61.60583591,37.468768,40.9572134,53.19076165,311.3864705,2043.118598,260.5569603,2390.27594,82.16000068,44.81000006,0,70.57000017,71.17000008,35.08999979,61.22999918,3313.167695,379.5833701,219.6078415,47.51000035,MWI,MWI.5_1,Malawi,Chitipa,,
0000145c09eca9c0a238,1962.210243,2036.878001,2165.040455,2261.866613,1925.222361,1988.522335,4988.784895,1687.811397,1177.721496,1221.85747,1292.633201,1068.957582,1198.237958,1496.914877,1637.384946,1405.076573,1573.527414,2670.895696,4720.97248,1700.185744,1268.557281,696.6510385,1098.458385,1129.863879,1057.668775,1149.678508,1073.500104,1284.912233,1528.252261,2424.426733,1579.056603,1464.76988,1316.73403,613.7033953,941.0496898,1596.802137,1178.144867,1550.098493,1328.056843,1440.644664,1454.057225,1512.427053,2593.634122,1288.321491,1228.957712,443.8712449,1383.710609,1221.367317,619.9769597,1091.622544,1054.460144,1177.347428,1212.145558,1431.660239,2274.293677,3052.535961,867.2575808,915.4093696,353.3796231,1098.808931,892.1968565,1260.508055,1126.5479,1165.06967,1276.528674,1525.552807,2048.611492,1649.635446,973.0084712,1067.865921,1359.842236,1426.89588,1091.287921,1536.020313,1674.609375,1673.488277,1503.133763,1570.624547,MWI,MWI.17_1,Malawi,Mzimba,,
0000b3c05fd6510b250f,523.1212116,504.3032086,541.8711727,510.9009377,559.9132265,444.3185515,308.7745496,263.4250628,106.0473155,171.1394059,221.1030631,310.5999335,344.1490413,332.9245309,416.0250841,365.3878771,275.2609582,349.7484807,377.5364334,377.0489669,212.2107194,7.047920465,46.19412145,253.3576866,305.2121414,273.7293699,411.6419429,341.6985892,321.1951936,325.0924062,298.9087625,282.0030673,105.4768504,144.7336494,140.2510928,317.8471283,251.9336305,325.3873612,383.6496651,354.0343562,274.419983,461.8438115,291.8993265,305.3937651,171.6821179,270.6173179,329.0716868,253.3090777,193.2380758,310.8049543,407.9851681,314.8765401,367.4614461,300.8355496,176.9117741,189.1562051,134.8954692,241.4430596,13.42899447,310.0486956,301.3546328,357.3174205,317.6900788,470.2979604,334.7723075,375.4808544,239.6490204,184.1200792,49.18556849,178.6178433,370.1336078,246.1030191,302.2258817,318.3298442,309.8799607,285.5534916,263.4330975,310.855372,MWI,MWI.14_1,Malawi,Mchinji,Fort Manning,
00007b9b0052d8a88398,674.8222901,693.9796116,707.9245913,720.3630228,770.5892369,928.1884061,553.6562139,354.9406661,281.9734567,246.7433836,439.0244381,246.1008545,368.8821162,392.5726883,483.0036772,530.1924089,424.8237977,729.7998207,521.0881454,481.7463921,310.1644402,3.613685131,221.3732018,367.2067841,412.834129,382.9499466,473.6987463,505.03186,605.5187786,590.6631424,565.4970565,520.8013278,183.9663705,54.43548906,226.216873,498.72163,378.9322166,470.912733,533.1445239,503.0715358,538.9157519,576.5991496,713.475426,525.0182222,412.134603,239.7245204,475.7456473,409.8558061,444.4784653,662.9930804,640.3402696,669.3134758,684.7193354,875.594412,418.5356975,373.7710373,312.0525336,340.2026409,160.2185607,287.2205595,425.9001025,449.6140697,483.1154094,451.5350049,555.4719039,848.6503457,1301.603533,387.7399993,229.8999995,327.0200001,595.9000044,557.699999,429.4599996,539.8000017,916.8116058,914.1533315,877.8743105,814.4190961,MWI,MWI.9_1,Malawi,Kasungu,,
000079b1e3a786c27843,132.5563465,124.0946339,122.996482,448.5867622,182.996507,223.2294672,158.577366,90.30589509,32.63038635,34.4115659,4.442826748,38.25840569,58.19444871,54.90527463,97.63338161,62.17409337,161.0120362,127.0910139,71.95600855,52.77323401,31.7920903,0,27.15282083,89.35114837,59.11615682,56.95027769,61.33880055,75.56836867,149.2271365,138.6017232,73.42517114,61.26136041,0,12.04354644,29.11425686,56.14587319,52.6100105,66.25605536,56.51124227,74.21026894,82.83509469,245.9011862,171.4434693,30.81148255,28.64045346,18.22898078,34.58405149,36.06808865,41.05683136,69.4183606,62.66022681,134.4727619,312.5350741,216.4020946,65.39396434,21.21224634,13.03643918,30.12593901,0,27.00868499,53.3891201,54.87337765,63.20924532,52.37475359,70.47744071,161.2677286,147.479294,24.08999979,47.59999943,20.41999996,100.5500007,71.90000021,49.94999981,53.1699996,101.9111755,65.74000049,79.36105864,82.65999973,MWI,MWI.23_1,Malawi,Ntchisi,Nchisi,
000018ba8ffcf4b45315,418.979679,455.1324522,414.4294306,612.0947101,545.7710917,432.734199,334.2919683,281.707906,161.1614446,99.0836944,61.8418617,243.9293926,286.2087372,318.8977406,341.0024989,369.1896194,260.0394154,382.635208,256.4589877,244.0898872,107.7623126,14.26928306,146.7419424,222.8433093,213.5670142,233.7063729,216.1912625,290.4785493,332.5612841,359.9678264,292.8798532,221.0660452,27.65618205,151.5365511,107.9606667,236.7085314,214.7972282,273.4077597,257.9697808,398.9663627,288.1308095,295.3146627,235.6416801,250.3670313,124.1448266,193.5729441,206.7006462,174.0965392,188.4434411,277.5157926,254.4075812,323.1545036,355.8629329,235.9233006,122.8425257,45.48523748,81.07710456,132.2041131,5.407608986,120.3406867,202.9486443,236.9247596,214.6812337,412.5787752,262.9213993,449.1591227,230.619216,136.001411,94.92470619,126.460078,332.684864,242.9618027,199.4858817,271.6647459,395.5396869,299.8075303,195.7828223,176.2185485,MWI,MWI.7_1,Malawi,Dowa,,
00007fa24f9118843dc0,11265.29236,10749.77922,9571.521874,9396.989351,7487.756559,7607.339899,7594.034983,7367.98725,6265.809026,4057.932956,7336.644825,7640.062611,8234.11838,9419.466957,9407.947698,8995.576746,7776.201581,8361.658382,8877.515295,8492.985888,5566.498381,2245.224522,3082.495841,7572.111013,9102.737418,7691.497297,7414.974322,8105.265901,8233.350263,7328.536871,7765.637112,7917.645851,2.673357725,5694.296018,4597.862597,8962.332536,7393.310002,9291.509161,8415.593853,9018.028779,8251.194087,8178.350304,8032.273191,8412.867354,6948.442344,11612.45896,9193.677415,7684.95309,7441.01925,8866.55475,7758.546985,7548.256634,7585.439985,7519.898201,5678.005119,6249.327112,6021.296508,5103.107669,1393.244763,6556.76249,7696.911285,7994.587946,7668.187901,7974.037157,8348.279725,8042.840559,8221.636159,5585.814704,3436.180596,7348.117405,10888.13161,9023.775332,7657.787029,7995.284195,7774.228205,8036.523057,7913.540856,7254.440273,MWI,MWI.11_1,Malawi,Lilongwe,,
